{
  "0.3": {
    "window_centers": [
      0.0625,
      0.1875,
      0.3125,
      0.4375,
      0.5625,
      0.6875,
      0.8125,
      0.9375
    ],
    "window_logfreq": [
      0.05859375,
      0.18359375,
      0.30859375,
      0.43359375,
      0.55859375,
      0.68359375,
      0.80859375,
      0.93359375
    ],
    "window_size_dims": 16,
    "baseline": 1.0,
    "recall": [
      0.825,
      0.975,
      1.0,
      0.9916666666666667,
      1.0,
      1.0,
      1.0,
      1.0
    ],
    "drop": [
      0.17500000000000004,
      0.025000000000000022,
      0.0,
      0.008333333333333304,
      0.0,
      0.0,
      0.0,
      0.0
    ],
    "recall_control": [
      1.0,
      1.0,
      1.0,
      1.0,
      1.0,
      1.0,
      1.0,
      1.0
    ],
    "recall_randdim": [
      1.0,
      1.0,
      0.9833333333333333,
      1.0,
      1.0,
      1.0,
      1.0,
      1.0
    ],
    "freq_com": 0.09249999999999996,
    "freq_width": 0.0812403840463595,
    "n_patched": 29,
    "n_controls": 29,
    "coverage": 0.3
  },
  "0.5": {
    "window_centers": [
      0.0625,
      0.1875,
      0.3125,
      0.4375,
      0.5625,
      0.6875,
      0.8125,
      0.9375
    ],
    "window_logfreq": [
      0.05859375,
      0.18359375,
      0.30859375,
      0.43359375,
      0.55859375,
      0.68359375,
      0.80859375,
      0.93359375
    ],
    "window_size_dims": 16,
    "baseline": 1.0,
    "recall": [
      0.7916666666666666,
      0.9916666666666667,
      1.0,
      0.9916666666666667,
      1.0,
      1.0,
      1.0,
      1.0
    ],
    "drop": [
      0.20833333333333337,
      0.008333333333333304,
      0.0,
      0.008333333333333304,
      0.0,
      0.0,
      0.0,
      0.0
    ],
    "recall_control": [
      1.0,
      1.0,
      1.0,
      1.0,
      1.0,
      1.0,
      1.0,
      1.0
    ],
    "recall_randdim": [
      1.0,
      1.0,
      0.9833333333333333,
      1.0,
      1.0,
      1.0,
      1.0,
      1.0
    ],
    "freq_com": 0.08101851851851845,
    "freq_width": 0.07378415486346852,
    "n_patched": 30,
    "n_controls": 30,
    "coverage": 0.5
  },
  "1.0": {
    "window_centers": [
      0.0625,
      0.1875,
      0.3125,
      0.4375,
      0.5625,
      0.6875,
      0.8125,
      0.9375
    ],
    "window_logfreq": [
      0.05859375,
      0.18359375,
      0.30859375,
      0.43359375,
      0.55859375,
      0.68359375,
      0.80859375,
      0.93359375
    ],
    "window_size_dims": 16,
    "baseline": 1.0,
    "recall": [
      0.7916666666666666,
      0.9916666666666667,
      1.0,
      0.9916666666666667,
      1.0,
      1.0,
      1.0,
      1.0
    ],
    "drop": [
      0.20833333333333337,
      0.008333333333333304,
      0.0,
      0.008333333333333304,
      0.0,
      0.0,
      0.0,
      0.0
    ],
    "recall_control": [
      1.0,
      1.0,
      1.0,
      1.0,
      1.0,
      1.0,
      1.0,
      1.0
    ],
    "recall_randdim": [
      1.0,
      1.0,
      0.9833333333333333,
      1.0,
      1.0,
      1.0,
      1.0,
      1.0
    ],
    "freq_com": 0.08101851851851845,
    "freq_width": 0.07378415486346852,
    "n_patched": 30,
    "n_controls": 30,
    "coverage": 1.0
  }
}