{
  "0.3": {
    "window_centers": [
      0.0625,
      0.1875,
      0.3125,
      0.4375,
      0.5625,
      0.6875,
      0.8125,
      0.9375
    ],
    "window_logfreq": [
      0.05859375,
      0.18359375,
      0.30859375,
      0.43359375,
      0.55859375,
      0.68359375,
      0.80859375,
      0.93359375
    ],
    "window_size_dims": 16,
    "baseline": 1.0,
    "recall": [
      0.5166666666666667,
      1.0,
      1.0,
      1.0,
      1.0,
      1.0,
      1.0,
      1.0
    ],
    "drop": [
      0.4833333333333333,
      0.0,
      0.0,
      0.0,
      0.0,
      0.0,
      0.0,
      0.0
    ],
    "recall_control": [
      1.0,
      1.0,
      1.0,
      1.0,
      1.0,
      1.0,
      1.0,
      1.0
    ],
    "recall_randdim": [
      1.0,
      0.9916666666666667,
      0.9833333333333333,
      1.0,
      1.0,
      1.0,
      1.0,
      1.0
    ],
    "freq_com": 0.0625,
    "freq_width": 0.0,
    "n_patched": 17,
    "n_controls": 17,
    "coverage": 0.3
  },
  "0.5": {
    "window_centers": [
      0.0625,
      0.1875,
      0.3125,
      0.4375,
      0.5625,
      0.6875,
      0.8125,
      0.9375
    ],
    "window_logfreq": [
      0.05859375,
      0.18359375,
      0.30859375,
      0.43359375,
      0.55859375,
      0.68359375,
      0.80859375,
      0.93359375
    ],
    "window_size_dims": 16,
    "baseline": 1.0,
    "recall": [
      0.5,
      1.0,
      1.0,
      1.0,
      1.0,
      1.0,
      1.0,
      1.0
    ],
    "drop": [
      0.5,
      0.0,
      0.0,
      0.0,
      0.0,
      0.0,
      0.0,
      0.0
    ],
    "recall_control": [
      1.0,
      1.0,
      1.0,
      1.0,
      1.0,
      1.0,
      1.0,
      1.0
    ],
    "recall_randdim": [
      1.0,
      0.9916666666666667,
      0.975,
      0.9833333333333333,
      1.0,
      1.0,
      1.0,
      1.0
    ],
    "freq_com": 0.0625,
    "freq_width": 0.0,
    "n_patched": 28,
    "n_controls": 28,
    "coverage": 0.5
  },
  "1.0": {
    "window_centers": [
      0.0625,
      0.1875,
      0.3125,
      0.4375,
      0.5625,
      0.6875,
      0.8125,
      0.9375
    ],
    "window_logfreq": [
      0.05859375,
      0.18359375,
      0.30859375,
      0.43359375,
      0.55859375,
      0.68359375,
      0.80859375,
      0.93359375
    ],
    "window_size_dims": 16,
    "baseline": 1.0,
    "recall": [
      0.30833333333333335,
      1.0,
      1.0,
      1.0,
      1.0,
      1.0,
      1.0,
      1.0
    ],
    "drop": [
      0.6916666666666667,
      0.0,
      0.0,
      0.0,
      0.0,
      0.0,
      0.0,
      0.0
    ],
    "recall_control": [
      1.0,
      1.0,
      1.0,
      1.0,
      1.0,
      1.0,
      1.0,
      1.0
    ],
    "recall_randdim": [
      1.0,
      0.9916666666666667,
      0.975,
      0.9833333333333333,
      1.0,
      1.0,
      1.0,
      1.0
    ],
    "freq_com": 0.0625,
    "freq_width": 0.0,
    "n_patched": 30,
    "n_controls": 30,
    "coverage": 1.0
  }
}